<?xml version="1.0" encoding="UTF-8"?>
<project-private xmlns="http://www.netbeans.org/ns/project-private/1">
    <editor-bookmarks xmlns="http://www.netbeans.org/ns/editor-bookmarks/2" lastBookmarkId="0"/>
    <open-files xmlns="http://www.netbeans.org/ns/projectui-open-files/2">
        <group>
            <file>file:/C:/Users/ADMIN/Documents/NetBeansProjects/BaiTapLop5_Java3/src/model/KhachHang.java</file>
            <file>file:/C:/Users/ADMIN/Documents/NetBeansProjects/BaiTapLop5_Java3/src/service/impl/KhachHangServiceImpl.java</file>
            <file>file:/C:/Users/ADMIN/Documents/NetBeansProjects/BaiTapLop5_Java3/src/view/KhachHangView.java</file>
            <file>file:/C:/Users/ADMIN/Documents/NetBeansProjects/BaiTapLop5_Java3/src/view/DetailKhachHang.java</file>
        </group>
    </open-files>
</project-private>
