<?xml version="1.0" encoding="UTF-8"?>
<project-private xmlns="http://www.netbeans.org/ns/project-private/1">
    <editor-bookmarks xmlns="http://www.netbeans.org/ns/editor-bookmarks/2" lastBookmarkId="0"/>
    <open-files xmlns="http://www.netbeans.org/ns/projectui-open-files/2">
        <group>
            <file>file:/C:/Users/admin/Documents/NetBeansProjects/OnTap9_Java3/src/service/KhachHangService.java</file>
            <file>file:/C:/Users/admin/Documents/NetBeansProjects/OnTap9_Java3/src/repository/KhachHangRepository.java</file>
            <file>file:/C:/Users/admin/Documents/NetBeansProjects/OnTap9_Java3/src/service/impl/KhachHangServiceImpl.java</file>
            <file>file:/C:/Users/admin/Documents/NetBeansProjects/OnTap9_Java3/src/view/KhachHangView.java</file>
        </group>
    </open-files>
</project-private>
